STATE_CODE,state,ppf_cat,hisp_f,white,black,hispanic,native,asian,hawaiian,other
1,AL,homicide,0,0.32592192,0.67353576,0,0.000180766,0.000361533,0,0
1,AL,kidnapping,0,0.3982684,0.6017316,0,0,0,0,0
1,AL,sexassault,0,0.5320887,0.46791133,0,0,0,0,0
1,AL,robbery,0,0.18196891,0.81803107,0,0,0,0,0
1,AL,assault,0,0.32160312,0.67839688,0,0,0,0,0
1,AL,otherviol,0,0.60927153,0.39072847,0,0,0,0,0
1,AL,burglary,0,0.44379348,0.55620652,0,0,0,0,0
1,AL,arson,0,0.59842521,0.40157479,0,0,0,0,0
1,AL,mvtheft,0,0,1,0,0,0,0,0
1,AL,fraud,0,0.5270049,0.4729951,0,0,0,0,0
1,AL,larceny,0,0.58630955,0.41369048,0,0,0,0,0
1,AL,otherprop,0,0.49571735,0.50428265,0,0,0,0,0
1,AL,drugtraff,0,0.76588398,0.23411602,0,0,0,0,0
1,AL,drugposs,0,0.22474748,0.77525252,0,0,0,0,0
1,AL,otherdrug,0,0.43718925,0.56281072,0,0,0,0,0
1,AL,public_oth,0,0.597193,0.40280703,0,0,0,0,0
1,AL,weapons,0,0.16842106,0.83157897,0,0,0,0,0
1,AL,dwi,0,0.75,0.25,0,0,0,0,0
2,AK,homicide,1,0.52242154,0.10762332,0.026905829,0.30044842,0.011210762,0,0.031390134
2,AK,kidnapping,1,0.5151515,0.18181819,0.030303031,0.24242425,0.030303031,0,0
2,AK,sexassault,1,0.38157895,0.060150377,0.02443609,0.50375938,0.007518797,0.001879699,0.020676691
2,AK,robbery,1,0.44230768,0.24038461,0.067307696,0.14423077,0,0,0.10576923
2,AK,assault,1,0.31018519,0.064814813,0.013888889,0.56481481,0.006944445,0.00462963,0.034722224
2,AK,otherviol,1,0.25,0.083333336,0.083333336,0.54166669,0,0,0.041666668
2,AK,burglary,1,0.55789477,0.063157894,0.031578947,0.29473683,0,0.010526316,0.042105265
2,AK,arson,1,0.64285713,0.071428575,0,0.2857143,0,0,0
2,AK,mvtheft,1,0.41666666,0.041666668,0,0.5,0.020833334,0,0.020833334
2,AK,fraud,1,0.80000001,0.050000001,0,0.1,0,0,0.050000001
2,AK,larceny,1,0.56779659,0.11016949,0.029661017,0.25423729,0.004237288,0.004237288,0.029661017
2,AK,otherprop,1,0.5,0.1,0.050000001,0.34999999,0,0,0
2,AK,drugtraff,1,0.40000001,0,0,0.5,0.1,0,0
2,AK,drugposs,1,0.61971831,0.23943663,0.014084507,0.084507041,0,0,0.04225352
2,AK,otherdrug,1,0.73239434,0.089201875,0.023474179,0.12206573,0.009389672,0,0.023474179
2,AK,public_oth,1,0.48013526,0.083685547,0.015215553,0.39137787,0.003381234,0.003381234,0.02282333
2,AK,weapons,1,0.47499999,0.15000001,0.050000001,0.27500001,0.025,0,0.025
2,AK,dwi,1,0.59276021,0.054298643,0.027149322,0.29411766,0.004524887,0,0.027149322
2,AK,unknown,1,0.80000001,0.2,0,0,0,0,0
4,AZ,homicide,1,0.35853252,0.16814896,0.39577544,0.052529182,0.008060033,0,0.016953863
4,AZ,kidnapping,1,0.22953586,0.13502109,0.57046413,0.044725738,0.002531646,0,0.017721519
4,AZ,sexassault,1,0.49568403,0.089196965,0.34658644,0.04472927,0.004969919,0,0.018833376
4,AZ,robbery,1,0.24776855,0.23299477,0.4622961,0.043397967,0.003693444,0,0.009849184
4,AZ,assault,1,0.32385635,0.15177426,0.42176142,0.088071823,0.003206499,0,0.011329628
4,AZ,otherviol,1,0.33026114,0.11367127,0.4623656,0.081413209,0.001536098,0,0.010752688
4,AZ,burglary,1,0.45136186,0.13409159,0.3720443,0.031427715,0.004489674,0,0.006584855
4,AZ,arson,1,0.45333335,0.16666667,0.34666666,0.026666667,0,0,0.006666667
4,AZ,mvtheft,1,0.63333333,0.06666667,0.30000001,0,0,0,0
4,AZ,fraud,1,0.57885307,0.10513739,0.2771804,0.023297491,0.002986858,0,0.012544803
4,AZ,larceny,1,0.51300842,0.08721143,0.34737998,0.043605715,0.002565042,0,0.006229388
4,AZ,otherprop,1,0.58768409,0.086345382,0.28380188,0.030789826,0.004016064,0,0.007362784
4,AZ,drugtraff,1,0,0,0.25,0.75,0,0,0
4,AZ,drugposs,1,1,0,0,0,0,0,0
4,AZ,otherdrug,1,0.37495929,0.12379194,0.46096212,0.023781084,0.004452166,0,0.012053426
4,AZ,public_oth,1,0.48490846,0.1311232,0.31815934,0.054923307,0.003463632,0,0.007422068
4,AZ,weapons,1,0.30439562,0.16923077,0.48516482,0.028021978,0.004945055,0,0.008241759
4,AZ,dwi,1,0.32434782,0.081739128,0.40478262,0.1747826,0.002608696,0,0.01173913
4,AZ,unknown,1,0.24324325,0.24324325,0.45945945,0.027027028,0,0,0.027027028
6,CA,homicide,1,0.19659488,0.29610011,0.41746217,0.008119907,0.01379511,0.002153667,0.065774158
6,CA,kidnapping,1,0.17556719,0.35113439,0.40802792,0.003490401,0.007678883,0.001745201,0.05235602
6,CA,sexassault,1,0.28472853,0.1700007,0.47013313,0.00920053,0.009549035,0.001672824,0.054715272
6,CA,robbery,1,0.15191272,0.39102393,0.39910769,0.004682392,0.007111936,0.001943635,0.044217687
6,CA,assault,1,0.20538029,0.25831893,0.46942523,0.012478393,0.009399309,0.000918323,0.044079516
6,CA,otherviol,1,0.25565454,0.24880055,0.43660042,0.008910213,0.009595613,0.001028101,0.039410554
6,CA,burglary,1,0.30465159,0.32487589,0.30667403,0.006618864,0.009100937,0.000735429,0.047343262
6,CA,arson,1,0.4099099,0.22297297,0.27702704,0.013513514,0.018018018,0,0.058558557
6,CA,mvtheft,1,0.35603404,0.1362043,0.44516775,0.009514271,0.012018027,0.001001502,0.040060092
6,CA,fraud,1,0.37678573,0.30178571,0.25357142,0.008928572,0.014285714,0.001785714,0.042857144
6,CA,larceny,1,0.31613818,0.35163274,0.27212495,0.005205868,0.013724562,0,0.041173685
6,CA,otherprop,1,0.36141038,0.20470127,0.38099903,0.008814887,0.007835455,0.000979432,0.035259549
6,CA,drugtraff,1,0.23320958,0.33378333,0.38643268,0.00641242,0.007087411,0.001012487,0.032062098
6,CA,drugposs,1,0.34454912,0.13772993,0.46433377,0.011664423,0.009421265,0.000448632,0.031852849
6,CA,otherdrug,1,0.2396746,0.30287859,0.40112641,0.010638298,0.006883605,0,0.0387985
6,CA,public_oth,1,0.31537277,0.24565648,0.38223004,0.014295139,0.012975588,0,0.02946998
6,CA,weapons,1,0.17082179,0.27276084,0.5004617,0.009787627,0.010156971,0.000738689,0.03527239
6,CA,dwi,1,0.36798179,0.14339909,0.40288314,0.018209409,0.018209409,0.001517451,0.047799695
6,CA,unknown,1,0.25848565,0.21997389,0.42493472,0.013707572,0.011749348,0,0.071148828
8,CO,homicide,1,0.40507859,0.22773075,0.32567513,0.025392987,0.016122531,0,0
8,CO,kidnapping,1,0.37163374,0.25493717,0.33213645,0.021543985,0.019748654,0,0
8,CO,sexassault,1,0.58361775,0.1209708,0.25900644,0.02882063,0.007584376,0,0
8,CO,robbery,1,0.33903301,0.3413915,0.28478774,0.02476415,0.010023585,0,0
8,CO,assault,1,0.38107869,0.19407605,0.38107869,0.034040671,0.009725906,0,0
8,CO,otherviol,1,0.45508981,0.14251497,0.36766466,0.029940119,0.004790419,0,0
8,CO,burglary,1,0.48726654,0.17260894,0.3016412,0.030560272,0.007923033,0,0
8,CO,arson,1,0.58571428,0.12857144,0.24285714,0.014285714,0.028571429,0,0
8,CO,mvtheft,1,0.53387535,0.11111111,0.30352303,0.040650405,0.010840109,0,0
8,CO,fraud,1,0.69214439,0.087048829,0.20806794,0.010615711,0.002123142,0,0
8,CO,larceny,1,0.59904534,0.12410501,0.24701671,0.019093079,0.010739856,0,0
8,CO,otherprop,1,0.57659209,0.11703958,0.27194491,0.024096385,0.010327023,0,0
8,CO,drugtraff,1,0.35653409,0.20454545,0.41761363,0.014914772,0.006392045,0,0
8,CO,drugposs,1,0.42472267,0.22028527,0.32329637,0.026941363,0.004754358,0,0
8,CO,otherdrug,1,0.38028169,0.33802816,0.28169015,0,0,0,0
8,CO,public_oth,1,0.47401869,0.1517757,0.32971963,0.035140187,0.009345794,0,0
8,CO,weapons,1,0.36781609,0.22988506,0.36781609,0.034482758,0,0,0
8,CO,unknown,1,0.25,0.25,0.5,0,0,0,0
10,DE,homicide,1,0.29540917,0.66067863,0.037924152,0,0.005988024,0,0
10,DE,kidnapping,1,0.35714287,0.59523809,0.047619049,0,0,0,0
10,DE,sexassault,1,0.49079755,0.45398772,0.053680982,0,0.001533742,0,0
10,DE,robbery,1,0.28595892,0.67465752,0.037671234,0,0.001712329,0,0
10,DE,assault,1,0.28174603,0.67460316,0.043650795,0,0,0,0
10,DE,otherviol,1,0.5,0.42592594,0.074074075,0,0,0,0
10,DE,burglary,1,0.60064936,0.36038962,0.038961038,0,0,0,0
10,DE,arson,1,0.22222222,0.55555558,0.22222222,0,0,0,0
10,DE,mvtheft,1,0.60000002,0.40000001,0,0,0,0,0
10,DE,fraud,1,0.48275861,0.51724136,0,0,0,0,0
10,DE,larceny,1,0.66666669,0.33333334,0,0,0,0,0
10,DE,otherprop,1,0.46666667,0.40000001,0.13333334,0,0,0,0
10,DE,drugtraff,1,0.15106383,0.80425531,0.044680852,0,0,0,0
10,DE,drugposs,1,0.22352941,0.69411767,0.082352944,0,0,0,0
10,DE,otherdrug,1,0.31034482,0.65517241,0.034482758,0,0,0,0
10,DE,public_oth,1,0.54150945,0.43647799,0.022012578,0,0,0,0
10,DE,weapons,1,0.24267782,0.71129709,0.046025105,0,0,0,0
10,DE,dwi,1,0.77127659,0.17021276,0.05319149,0,0.005319149,0,0
10,DE,unknown,1,0.38028169,0.6056338,0.014084507,0,0,0,0
11,DC,homicide,1,0.011228071,0.96421051,0.02385965,0,0.000701754,0,0
11,DC,sexassault,1,0.025641026,0.90769231,0.064102568,0,0.002564103,0,0
11,DC,robbery,1,0.010126582,0.96455693,0.025316456,0,0,0,0
11,DC,assault,1,0.016908212,0.94927537,0.030193238,0,0.003623189,0,0
11,DC,burglary,1,0.019736841,0.96052629,0.019736841,0,0,0,0
11,DC,arson,1,0,1,0,0,0,0,0
11,DC,mvtheft,1,0,1,0,0,0,0,0
11,DC,fraud,1,0.40000001,0.60000002,0,0,0,0,0
11,DC,larceny,1,0.030927835,0.92783505,0.041237112,0,0,0,0
11,DC,otherprop,1,0.05882353,0.88235295,0.05882353,0,0,0,0
11,DC,drugtraff,1,0,1,0,0,0,0,0
11,DC,otherdrug,1,0.00862069,0.98563218,0.005747126,0,0,0,0
11,DC,public_oth,1,0.015444015,0.97297299,0.007722008,0,0.003861004,0,0
11,DC,weapons,1,0.00462963,0.9861111,0.009259259,0,0,0,0
12,FL,homicide,1,0.36742505,0.48515132,0.13983981,0.000850521,7.09E-05,0,0.006662414
12,FL,kidnapping,1,0.31611374,0.50616115,0.17251185,0,0,0,0.00521327
12,FL,sexassault,1,0.5316512,0.30001783,0.1596826,0.000891583,0.000178317,0,0.00757846
12,FL,robbery,1,0.25148743,0.64714843,0.097518504,7.26E-05,0.000145117,0,0.003627921
12,FL,assault,1,0.35934499,0.51420194,0.1206914,0.001212979,0.000101082,0,0.004447589
12,FL,otherviol,1,0.52391464,0.32818249,0.14128035,0,0,0,0.006622517
12,FL,burglary,1,0.46802366,0.41829836,0.10846598,0.00056346,0.00028173,0,0.004366812
12,FL,arson,1,0.58333331,0.30654761,0.10714286,0,0,0,0.002976191
12,FL,mvtheft,1,0.51597291,0.37173283,0.10745402,0.000968054,0,0,0.003872217
12,FL,fraud,1,0.56237221,0.34202453,0.088445805,0.000511247,0,0,0.006646217
12,FL,larceny,1,0.56013656,0.35215336,0.085871845,0,0,0,0.001838235
12,FL,otherprop,1,0.68731171,0.23468363,0.07432206,0.000334784,0,0,0.003347841
12,FL,drugtraff,1,0.29679641,0.56658721,0.13079163,0.000529521,0.000176507,0,0.005118701
12,FL,drugposs,1,0.44780305,0.48519787,0.060454972,0.000623247,0,0,0.005920847
12,FL,otherdrug,1,0.46987951,0.40963855,0.12048193,0,0,0,0
12,FL,public_oth,1,0.47474748,0.4338384,0.087373741,0.001178451,0,0,0.002861953
12,FL,weapons,1,0.25404075,0.66057622,0.082220659,0.00035137,0.00035137,0,0.002459592
12,FL,dwi,1,0.75954199,0.083969466,0.15267175,0.003816794,0,0,0
12,FL,unknown,1,0.36363637,0.51363635,0.11136363,0.002272727,0,0,0.009090909
13,GA,homicide,1,0.26994625,0.68664736,0.03637867,0.00068899,0.005374122,0,0.000964586
13,GA,kidnapping,1,0.21954091,0.72218955,0.055326663,0,0.002354326,0,0.000588581
13,GA,sexassault,1,0.49074331,0.43299255,0.071014091,0.000414479,0.003730312,0,0.001105278
13,GA,robbery,1,0.14844227,0.81429446,0.032864995,0.000610874,0.002443494,0,0.001343922
13,GA,assault,1,0.27491215,0.68756151,0.032888263,0.000281096,0.003935348,0,0.000421644
13,GA,otherviol,1,0.44827586,0.51390433,0.031145718,0.003337041,0.002224694,0,0.001112347
13,GA,burglary,1,0.43181065,0.54882491,0.016550811,0.000331016,0.001986097,0,0.000496524
13,GA,arson,1,0.51685393,0.48314607,0,0,0,0,0
13,GA,mvtheft,1,0.47058824,0.49019608,0.019607844,0,0,0,0.019607844
13,GA,fraud,1,0.4717682,0.51783061,0.007429421,0,0.001485884,0,0.001485884
13,GA,larceny,1,0.47795072,0.5077821,0.009727626,0.000648508,0.003242542,0,0.000648508
13,GA,otherprop,1,0.40396041,0.57524753,0.015841585,0,0.002970297,0.000990099,0.000990099
13,GA,drugtraff,1,0.28817967,0.60260046,0.10520095,0.000472813,0.002364066,0,0.001182033
13,GA,drugposs,1,0.53098589,0.43873239,0.026056338,0.000704225,0.002816901,0,0.000704225
13,GA,otherdrug,1,0.62376237,0.33415842,0.032178219,0,0.007425743,0,0.002475248
13,GA,public_oth,1,0.48295927,0.48628429,0.026600167,0.000831255,0.002493766,0,0.000831255
13,GA,weapons,1,0.34569454,0.62287867,0.026398491,0,0.004399749,0,0.000628536
13,GA,dwi,1,0.58974361,0.35897437,0.025641026,0,0,0,0.025641026
13,GA,unknown,1,0.37254903,0.60130721,0.013071896,0,0.006535948,0,0.006535948
17,IL,homicide,1,0.21081403,0.62436128,0.15852644,0.001188354,0.004634581,0,0.000475342
17,IL,kidnapping,1,0.21914357,0.59697735,0.17632242,0,0.007556675,0,0
17,IL,sexassault,1,0.4422754,0.3541142,0.197733,0.001469353,0.004198153,0,0.000209908
17,IL,robbery,1,0.13447581,0.77137095,0.091330647,0.000604839,0.002016129,0,0.000201613
17,IL,assault,1,0.29790941,0.579849,0.1155633,0.00232288,0.003484321,0,0.00087108
17,IL,otherviol,1,0.33913043,0.50144929,0.1594203,0,0,0,0
17,IL,burglary,1,0.37702826,0.52597994,0.090428442,0.001458523,0.004010939,0.000182315,0.000911577
17,IL,arson,1,0.51754385,0.38157895,0.1008772,0,0,0,0
17,IL,mvtheft,1,0.32561505,0.54269177,0.12879884,0,0.002894356,0,0
17,IL,fraud,1,0.4506579,0.48519737,0.054276317,0.006578947,0.003289474,0,0
17,IL,larceny,1,0.40714601,0.52668726,0.0608734,0.003087781,0.002205558,0,0
17,IL,otherprop,1,0.42105263,0.47987616,0.095975235,0.003095975,0,0,0
17,IL,drugtraff,1,0.26981041,0.55833739,0.16334468,0.001458435,0.006562956,0.000243072,0.000243072
17,IL,drugposs,1,0.32813054,0.60092229,0.067754522,0.000354736,0.002128414,0,0.000709471
17,IL,otherdrug,1,0.16417165,0.80289423,0.030938124,0.000998004,0.000499002,0,0.000499002
17,IL,public_oth,1,0.3444325,0.57787323,0.075904049,0.000358038,0.001432152,0,0
17,IL,weapons,1,0.11073574,0.75187689,0.13626125,0,0.001126126,0,0
17,IL,dwi,1,0.46369556,0.3154732,0.21432148,0.002003005,0.003505258,0,0.001001502
17,IL,unknown,1,0.19374999,0.69999999,0.09375,0,0.0125,0,0
18,IN,homicide,1,0.44632006,0.49459824,0.04962863,0.002700878,0.003038487,0.001012829,0.002700878
18,IN,kidnapping,1,0.49052632,0.46315789,0.039999999,0.004210526,0,0,0.002105263
18,IN,sexassault,1,0.7071225,0.21623932,0.067806266,0.003418803,0.003418803,0.0002849,0.001709402
18,IN,robbery,1,0.3944867,0.56653994,0.029467681,0.001901141,0.001901141,0,0.005703422
18,IN,assault,1,0.54107428,0.38783571,0.061611373,0.001579779,0.000789889,0.001579779,0.005529226
18,IN,otherviol,1,0.69428569,0.24285714,0.051428571,0,0.002857143,0,0.008571428
18,IN,burglary,1,0.68835008,0.27498522,0.02927262,0.00295683,0.000887049,0,0.003548196
18,IN,arson,1,0.77611941,0.1641791,0.037313432,0.014925373,0,0,0.007462686
18,IN,mvtheft,1,1,0,0,0,0,0,0
18,IN,fraud,1,0.75502008,0.22356091,0.013386881,0,0.001338688,0.001338688,0.005354752
18,IN,larceny,1,0.79166669,0.19047619,0.017857144,0,0,0,0
18,IN,otherprop,1,0.78054476,0.19844358,0.011673152,0.00155642,0,0.00233463,0.005447471
18,IN,drugtraff,1,0.25,0.375,0.375,0,0,0,0
18,IN,drugposs,1,0.69354838,0.26881722,0.032258064,0,0,0,0.005376344
18,IN,otherdrug,1,0.63129938,0.30931625,0.053936258,0.001634432,0.000817216,0.000272405,0.002724053
18,IN,public_oth,1,0.64304549,0.31674358,0.03263019,0.000988794,0.003295979,0.000329598,0.002966381
18,IN,weapons,1,0.32362822,0.63829786,0.023516238,0.004479284,0.002239642,0,0.007838746
18,IN,dwi,1,0.79936975,0.15756303,0.035714287,0.00105042,0.00105042,0.00210084,0.003151261
18,IN,unknown,1,0.5,0.40000001,0.1,0,0,0,0
19,IA,homicide,1,0.62668163,0.26121077,0.07399103,0.016816143,0.021300448,0,0
19,IA,kidnapping,1,0.73513514,0.19459459,0.059459459,0.005405406,0.005405406,0,0
19,IA,sexassault,1,0.78737235,0.11234912,0.083565459,0.012070566,0.004642526,0,0
19,IA,robbery,1,0.3974359,0.51923078,0.065705128,0.012820513,0.004807693,0,0
19,IA,assault,1,0.54270464,0.34875444,0.074733093,0.028469751,0.005338078,0,0
19,IA,otherviol,1,0.61611372,0.28909951,0.075829387,0.009478673,0.009478673,0,0
19,IA,burglary,1,0.61066967,0.30646992,0.048808172,0.02724177,0.006810443,0,0
19,IA,arson,1,0.78873241,0.12676056,0.084507041,0,0,0,0
19,IA,fraud,1,0.72549021,0.23137255,0.031372551,0.011764706,0,0,0
19,IA,larceny,1,0.65736437,0.26201549,0.055813953,0.018604651,0.00620155,0,0
19,IA,otherprop,1,0.74257427,0.15841584,0.049504951,0.049504951,0,0,0
19,IA,drugtraff,1,0.65785378,0.23172629,0.091757387,0.010108865,0.008553655,0,0
19,IA,drugposs,1,0.78712869,0.13861386,0.044554457,0.024752475,0.004950495,0,0
19,IA,otherdrug,1,0.55555558,0.35690236,0.070707068,0.006734007,0.01010101,0,0
19,IA,public_oth,1,0.66947854,0.24233128,0.056748465,0.023773005,0.007668712,0,0
19,IA,weapons,1,0.48809522,0.41666666,0.083333336,0.011904762,0,0,0
19,IA,dwi,1,0.74733096,0.11743772,0.085409254,0.039145909,0.010676157,0,0
19,IA,unknown,1,0.75,0.2,0.050000001,0,0,0,0
20,KS,homicide,1,0.45516768,0.39219713,0.11635866,0.024640657,0.011635866,0,0
20,KS,kidnapping,1,0.5472973,0.3141892,0.11824324,0.013513514,0.006756757,0,0
20,KS,sexassault,1,0.65299517,0.18348624,0.14085267,0.016729627,0.00593632,0,0
20,KS,robbery,1,0.35902256,0.54605263,0.078007519,0.011278195,0.005639098,0,0
20,KS,assault,1,0.47254005,0.35926774,0.13844393,0.017162472,0.012585812,0,0
20,KS,otherviol,1,0.58558559,0.27927929,0.10810811,0.018018018,0.009009009,0,0
20,KS,burglary,1,0.61968678,0.29418343,0.070469797,0.010067114,0.005592841,0,0
20,KS,arson,1,0.69696969,0.18181819,0.030303031,0.090909094,0,0,0
20,KS,fraud,1,0.74545455,0.2060606,0.018181818,0.024242423,0.006060606,0,0
20,KS,larceny,1,0.70740741,0.22592592,0.044444446,0.014814815,0.007407407,0,0
20,KS,otherprop,1,0.83333331,0.055555556,0.11111111,0,0,0,0
20,KS,drugtraff,1,0.64094317,0.25080386,0.077170417,0.013933548,0.017148981,0,0
20,KS,drugposs,1,0.68965518,0.21793103,0.07310345,0.012413793,0.006896552,0,0
20,KS,otherdrug,1,0.49032259,0.41935483,0.070967741,0.012903226,0.006451613,0,0
20,KS,public_oth,1,0.6735484,0.21290323,0.08387097,0.025806451,0.003870968,0,0
20,KS,weapons,1,0.41237113,0.40206185,0.13402061,0.010309278,0.041237112,0,0
20,KS,dwi,1,1,0,0,0,0,0,0
20,KS,unknown,1,0.14285715,0.71428573,0.14285715,0,0,0,0
21,KY,homicide,1,0.68647844,0.27835563,0.021792967,0.000990589,0.003962358,0,0.00842001
21,KY,kidnapping,1,0.71428573,0.24603175,0.039682541,0,0,0,0
21,KY,sexassault,1,0.79669631,0.1596781,0.022871664,0.000847099,0.001694197,0,0.018212622
21,KY,robbery,1,0.51657856,0.45218644,0.012974531,0.000961076,0.000961076,0,0.016338298
21,KY,assault,1,0.67188859,0.29329851,0.019147085,0.000870322,0.000870322,0,0.013925152
21,KY,otherviol,1,0.82352942,0.14705883,0.029411765,0,0,0,0
21,KY,burglary,1,0.8299188,0.15191342,0.008117511,0,0.001159644,0,0.008890607
21,KY,arson,1,0.84931505,0.14383562,0.006849315,0,0,0,0
21,KY,mvtheft,1,0.875,0.125,0,0,0,0,0
21,KY,fraud,1,0.83116883,0.15422077,0.00974026,0,0,0,0.00487013
21,KY,larceny,1,0.83333331,0.16666667,0,0,0,0,0
21,KY,otherprop,1,0.88086855,0.10269953,0.004694836,0.001173709,0.000586854,0,0.009976526
21,KY,drugtraff,1,0.81203008,0.13533835,0.033834588,0,0.007518797,0,0.011278195
21,KY,drugposs,1,0.89999998,0.088235296,0.011764706,0,0,0,0
21,KY,otherdrug,1,0.74552429,0.23763853,0.00682012,0.000426257,0.001278772,0,0.008312021
21,KY,public_oth,1,0.77904141,0.19496344,0.010154346,0.000812348,0.001624695,0,0.013403737
21,KY,weapons,1,0.49406177,0.48456058,0.007125891,0,0.002375297,0,0.011876484
21,KY,dwi,1,1,0,0,0,0,0,0
21,KY,unknown,1,0.81136954,0.18087855,0.002583979,0,0,0,0.005167959
23,ME,homicide,0,0.91512913,0.051660515,0,0.018450184,0.014760148,0,0
23,ME,kidnapping,0,0.81818181,0.090909094,0,0.090909094,0,0,0
23,ME,sexassault,0,0.9432624,0.031914894,0,0.021276595,0,0,0.003546099
23,ME,robbery,0,0.87557602,0.064516127,0,0.041474655,0.004608295,0,0.013824885
23,ME,assault,0,0.82608694,0.12648222,0,0.039525691,0.003952569,0,0.003952569
23,ME,otherviol,0,1,0,0,0,0,0,0
23,ME,burglary,0,0.92226148,0.031802122,0,0.031802122,0,0.003533569,0.010600707
23,ME,arson,0,0.86363637,0.022727273,0,0.06818182,0,0,0.045454547
23,ME,fraud,0,0.91891891,0.054054055,0,0.027027028,0,0,0
23,ME,larceny,0,0.91620111,0.022346368,0,0.039106146,0,0,0.022346368
23,ME,otherprop,0,0.90476191,0.047619049,0,0.047619049,0,0,0
23,ME,otherdrug,0,0.75824177,0.21428572,0,0.016483517,0.002747253,0,0.008241759
23,ME,public_oth,0,0.88023955,0.077844314,0,0.029940119,0.005988024,0,0.005988024
23,ME,weapons,0,0.83333331,0.16666667,0,0,0,0,0
23,ME,dwi,0,0.95454544,0.045454547,0,0,0,0,0
23,ME,unknown,0,0.86666667,0.13333334,0,0,0,0,0
24,MD,homicide,0,0.20759147,0.78869104,0,0.001565251,0.002152221,0,0
24,MD,kidnapping,0,0.23121387,0.76878613,0,0,0,0,0
24,MD,sexassault,0,0.42555237,0.5720461,0,0.000960615,0.001440922,0,0
24,MD,robbery,0,0.21479639,0.7814734,0,0.001243395,0.002486789,0,0
24,MD,assault,0,0.28987992,0.70771867,0,0.001372213,0.00102916,0,0
24,MD,otherviol,0,0.46835443,0.52742618,0,0,0.004219409,0,0
24,MD,burglary,0,0.55783707,0.43805611,0,0.000684463,0.003422313,0,0
24,MD,arson,0,0.55681819,0.44318181,0,0,0,0,0
24,MD,mvtheft,0,0.22881356,0.77118641,0,0,0,0,0
24,MD,fraud,0,0.41176471,0.57352942,0,0.014705882,0,0,0
24,MD,larceny,0,0.54696792,0.45184305,0,0.001189061,0,0,0
24,MD,otherprop,0,0.30588236,0.69411767,0,0,0,0,0
24,MD,drugtraff,0,0.1117338,0.88616461,0,0.000350263,0.001751314,0,0
24,MD,drugposs,0,0.21321322,0.78378379,0,0,0.003003003,0,0
24,MD,otherdrug,0,0.25,0.7421875,0,0.0078125,0,0,0
24,MD,public_oth,0,0.36908516,0.62776023,0,0.003154574,0,0,0
24,MD,weapons,0,0.072060682,0.92414665,0,0.001264223,0.002528445,0,0
24,MD,dwi,0,0.61538464,0.34615386,0,0.03846154,0,0,0
24,MD,unknown,0,0.18205129,0.80897439,0,0.005128205,0.003846154,0,0
25,MA,homicide,1,0.40312967,0.32749626,0.23248883,0.006706408,0.024217585,0,0.005961252
25,MA,kidnapping,1,0.41052631,0.33684212,0.23157895,0,0,0,0.021052632
25,MA,sexassault,1,0.55666155,0.20061256,0.21669219,0.013016845,0.010719755,0,0.00229709
25,MA,robbery,1,0.52941179,0.26249999,0.19705883,0.002205883,0.002941177,0,0.005882353
25,MA,assault,1,0.41779789,0.32730016,0.22926094,0.003016591,0.013574661,0,0.009049774
25,MA,otherviol,1,0.33333334,0.66666669,0,0,0,0,0
25,MA,burglary,1,0.55679703,0.21415269,0.20297952,0.003724395,0.020484172,0,0.001862197
25,MA,arson,1,0.6875,0.1875,0.10416666,0,0.020833334,0,0
25,MA,mvtheft,1,0.64102566,0.16666667,0.1923077,0,0,0,0
25,MA,fraud,1,0.61538464,0.15384616,0.1923077,0,0,0,0.03846154
25,MA,larceny,1,0.75144511,0.13872832,0.098265894,0,0,0,0.011560693
25,MA,otherprop,1,0.60317463,0.14285715,0.22222222,0,0.015873017,0,0.015873017
25,MA,drugtraff,1,0.22530864,0.33024693,0.41975307,0.00308642,0.007716049,0,0.013888889
25,MA,drugposs,1,0.81818181,0.045454547,0.090909094,0,0,0,0.045454547
25,MA,otherdrug,1,0.25183016,0.22401172,0.49633968,0.001464129,0.004392386,0,0.021961933
25,MA,public_oth,1,0.47138047,0.23232323,0.25252524,0.003367003,0.02020202,0,0.02020202
25,MA,weapons,1,0.18717505,0.48353553,0.30849221,0,0.017331023,0,0.003466205
25,MA,dwi,1,0.9066667,0.013333334,0.053333335,0,0,0,0.026666667
25,MA,unknown,1,0.27272728,0.18181819,0.54545456,0,0,0,0
26,MI,homicide,0,0.30880758,0.68387532,0,0.00501355,0.002303523,0,0
26,MI,kidnapping,0,0.46632123,0.51813471,0,0.012953368,0.002590674,0,0
26,MI,sexassault,0,0.68816328,0.29482993,0,0.013333334,0.003673469,0,0
26,MI,robbery,0,0.26063985,0.73055476,0,0.005136484,0.003668917,0,0
26,MI,assault,0,0.34882435,0.63596129,0,0.012171508,0.003042877,0,0
26,MI,otherviol,0,0.66793895,0.30534351,0,0.026717557,0,0,0
26,MI,burglary,0,0.57030481,0.41632253,0,0.010422812,0.002753196,0.000196657,0
26,MI,arson,0,0.59233451,0.40069687,0,0.003484321,0.003484321,0,0
26,MI,mvtheft,0,0.44298247,0.53728068,0,0.013157895,0.006578947,0,0
26,MI,fraud,0,0.64427859,0.34328359,0,0.007462686,0.004975124,0,0
26,MI,larceny,0,0.52064025,0.45914069,0,0.015164279,0.00505476,0,0
26,MI,otherprop,0,0.63345194,0.34341636,0,0.019572955,0.003558719,0,0
26,MI,drugtraff,0,0.41255888,0.57488227,0,0.011302982,0.001255887,0,0
26,MI,drugposs,0,0.63301283,0.35737181,0,0.008012821,0.001602564,0,0
26,MI,otherdrug,0,0.6875,0.25,0,0.0625,0,0,0
26,MI,public_oth,0,0.59403831,0.38821858,0,0.013484741,0.004258339,0,0
26,MI,weapons,0,0.1790913,0.81517422,0,0.003528893,0.002205558,0,0
26,MI,dwi,0,0.79489696,0.18155053,0,0.02060844,0.002944063,0,0
26,MI,unknown,0,0.33057851,0.66115701,0,0.008264463,0,0,0
27,MN,homicide,1,0.3642534,0.42760181,0.082202114,0.086727001,0.037707392,0,0.001508296
27,MN,kidnapping,1,0.41249999,0.40000001,0.037500001,0.1,0.050000001,0,0
27,MN,sexassault,1,0.54818523,0.26658323,0.10513142,0.060700875,0.018773466,0,0.000625782
27,MN,robbery,1,0.21218075,0.63654226,0.047151279,0.092337914,0.01178782,0,0
27,MN,assault,1,0.3661342,0.40638977,0.063897766,0.13929713,0.02428115,0,0
27,MN,otherviol,1,0.40476191,0.40476191,0.11904762,0.071428575,0,0,0
27,MN,burglary,1,0.48867315,0.3317152,0.046925567,0.11165048,0.021035599,0,0
27,MN,arson,1,0.65384614,0.1923077,0,0.15384616,0,0,0
27,MN,mvtheft,1,0.53333336,0.2,0,0.2,0.06666667,0,0
27,MN,fraud,1,0.57894737,0.28070176,0.02631579,0.078947365,0.03508772,0,0
27,MN,larceny,1,0.47413793,0.23275863,0.034482758,0.1637931,0.094827585,0,0
27,MN,otherprop,1,0.7037037,0.12962963,0.055555556,0.09259259,0.018518519,0,0
27,MN,drugtraff,1,0.43768117,0.32173914,0.17101449,0.046376813,0.023188407,0,0
27,MN,drugposs,1,0.4533762,0.27974278,0.16720258,0.073954985,0.025723472,0,0
27,MN,otherdrug,1,0.63827753,0.18851675,0.074641146,0.076555021,0.02200957,0,0
27,MN,public_oth,1,0.5337553,0.30168778,0.037974682,0.088607594,0.037974682,0,0
27,MN,weapons,1,0.32352942,0.503268,0.042483661,0.098039217,0.03267974,0,0
27,MN,dwi,1,0.58978581,0.19439869,0.054365732,0.15321252,0.008237233,0,0
27,MN,unknown,1,0,1,0,0,0,0,0
28,MS,homicide,1,0.2628656,0.7252869,0.008885598,0.001480933,0.001480933,0,0
28,MS,kidnapping,1,0.32380953,0.64761907,0.01904762,0.00952381,0,0,0
28,MS,sexassault,1,0.48274583,0.49610388,0.016697587,0.002226345,0.002226345,0,0
28,MS,robbery,1,0.14491804,0.8518033,0.001967213,0,0.001311475,0,0
28,MS,assault,1,0.22190408,0.76879025,0.007874016,0,0.001431639,0,0
28,MS,otherviol,1,0.44999999,0.51999998,0.02,0,0.01,0,0
28,MS,burglary,1,0.36994818,0.62227976,0.003626943,0.003626943,0.000518135,0,0
28,MS,arson,1,0.54945058,0.43956044,0,0.010989011,0,0,0
28,MS,mvtheft,1,0.42574257,0.57425743,0,0,0,0,0
28,MS,fraud,1,0.51072961,0.48283261,0.002145923,0,0.004291846,0,0
28,MS,larceny,1,0.45483872,0.5370968,0.00483871,0.001612903,0.001612903,0,0
28,MS,otherprop,1,0.3898305,0.59322035,0,0,0.016949153,0,0
28,MS,drugtraff,1,0.24055299,0.75345623,0.004147465,0,0.001843318,0,0
28,MS,drugposs,1,0.36228287,0.61724567,0.016129032,0,0.004342432,0,0
28,MS,otherdrug,1,0.53252035,0.45528457,0.008130081,0,0.004065041,0,0
28,MS,public_oth,1,0.48019803,0.50660068,0.00990099,0.001650165,0.001650165,0,0
28,MS,weapons,1,0.30541873,0.69458127,0,0,0,0,0
28,MS,dwi,1,0.5451389,0.4375,0.013888889,0.003472222,0,0,0
29,MO,homicide,1,0.43970835,0.53393155,0.02019069,0.003645541,0.002523836,0,0
29,MO,kidnapping,1,0.57558137,0.40697673,0.017441861,0,0,0,0
29,MO,sexassault,1,0.70194793,0.26918563,0.02487679,0.00211218,0.001877494,0,0
29,MO,robbery,1,0.28919289,0.69329685,0.014500684,0.001915185,0.001094391,0,0
29,MO,assault,1,0.55878931,0.40861467,0.023864958,0.006984866,0.001746217,0,0
29,MO,otherviol,1,0.76696163,0.20943953,0.020648967,0.002949853,0,0,0
29,MO,burglary,1,0.65988851,0.32272875,0.012463103,0.002295835,0.002623811,0,0
29,MO,arson,1,0.66666669,0.29032257,0.043010753,0,0,0,0
29,MO,mvtheft,1,0.67713004,0.30941704,0.004484305,0,0.00896861,0,0
29,MO,fraud,1,0.7871179,0.19104804,0.015283843,0.003275109,0.003275109,0,0
29,MO,larceny,1,0.75515461,0.22358248,0.016752576,0.003221649,0.00128866,0,0
29,MO,otherprop,1,0.73102927,0.24042073,0.018782871,0.006010518,0.003756574,0,0
29,MO,drugtraff,1,0.64131588,0.33746022,0.018040325,0.002122391,0.001061196,0,0
29,MO,drugposs,1,0.77298445,0.20721358,0.014144272,0.004243282,0.001414427,0,0
29,MO,otherdrug,1,0.7368421,0.23684211,0.02631579,0,0,0,0
29,MO,public_oth,1,0.78434783,0.19565217,0.015652174,0.004347826,0,0,0
29,MO,weapons,1,0.38314608,0.58651686,0.028089888,0.001123596,0.001123596,0,0
29,MO,dwi,1,0.88546258,0.08281938,0.027312776,0.002643172,0.001762115,0,0
29,MO,unknown,1,0.87782806,0.095022626,0.022624435,0.004524887,0,0,0
30,MT,homicide,0,0.76785713,0.023809524,0,0.17857143,0.002976191,0,0.026785715
30,MT,kidnapping,0,0.82352942,0.029411765,0,0.11764706,0,0,0.029411765
30,MT,sexassault,0,0.81914896,0.021276595,0,0.15319149,0,0,0.006382979
30,MT,robbery,0,0.69047618,0.05952381,0,0.21428572,0.011904762,0,0.023809524
30,MT,assault,0,0.69875777,0.034161489,0,0.26708075,0,0,0
30,MT,otherviol,0,0.70945948,0.020270269,0,0.26351351,0.006756757,0,0
30,MT,burglary,0,0.76410258,0.020512821,0,0.21538462,0,0,0
30,MT,arson,0,0.86666667,0,0,0.13333334,0,0,0
30,MT,fraud,0,0.76923078,0.043956045,0,0.16483517,0.010989011,0,0.010989011
30,MT,larceny,0,0.76397514,0.01242236,0,0.2173913,0,0,0.00621118
30,MT,otherprop,0,0.75757575,0,0,0.24242425,0,0,0
30,MT,drugtraff,0,0.7977528,0.056179777,0,0.13483146,0.011235955,0,0
30,MT,drugposs,0,0.68992245,0.046511628,0,0.2635659,0,0,0
30,MT,otherdrug,0,0.81818181,0,0,0.18181819,0,0,0
30,MT,public_oth,0,0.74458873,0.038961038,0,0.21212122,0.004329004,0,0
30,MT,weapons,0,0.69230771,0,0,0.30769232,0,0,0
30,MT,dwi,0,0.62251657,0.013245033,0,0.36423841,0,0,0
30,MT,unknown,0,0.71428573,0,0,0.2857143,0,0,0
31,NE,homicide,1,0.48821548,0.31818181,0.13131313,0.045454547,0.015151516,0,0.001683502
31,NE,kidnapping,1,0.75,0.1,0.15000001,0,0,0,0
31,NE,sexassault,1,0.65697676,0.14767441,0.15697674,0.025581395,0.006976744,0.001162791,0.004651163
31,NE,robbery,1,0.29580575,0.55408388,0.086092718,0.052980132,0.002207506,0,0.008830022
31,NE,assault,1,0.4222689,0.32983193,0.16386555,0.063025214,0.008403362,0.00210084,0.010504202
31,NE,otherviol,1,0.55813956,0.26511627,0.097674422,0.055813953,0.009302326,0,0.013953488
31,NE,burglary,1,0.67213112,0.18852459,0.10928962,0.030054646,0,0,0
31,NE,arson,1,0.42105263,0.21052632,0.2631579,0.10526316,0,0,0
31,NE,fraud,1,0.61333334,0.29333332,0.02,0.039999999,0.02,0,0.013333334
31,NE,larceny,1,0.74652779,0.16666667,0.045138888,0.024305556,0.006944445,0,0.010416667
31,NE,otherprop,1,0.72072071,0.18018018,0.063063063,0.036036037,0,0,0
31,NE,drugtraff,1,0.54166669,0.25735295,0.15931372,0.026960785,0.004901961,0,0.009803922
31,NE,drugposs,1,0.48717949,0.17948718,0.2820513,0,0.051282052,0,0
31,NE,otherdrug,1,0.65032679,0.21568628,0.084967323,0.045751635,0,0,0.003267974
31,NE,public_oth,1,0.54272515,0.30715936,0.096997693,0.043879908,0.006928407,0,0.002309469
31,NE,weapons,1,0.3898305,0.41242939,0.16384181,0.033898305,0,0,0
31,NE,dwi,1,0.61355931,0.18644068,0.15254237,0.037288137,0.006779661,0,0.003389831
31,NE,unknown,1,0,0,0,0,0,0,0
32,NV,homicide,1,0.43844697,0.28787878,0.22348484,0.019886363,0.025568182,0,0.004734849
32,NV,kidnapping,1,0.41037735,0.3018868,0.25943395,0.014150944,0.009433962,0,0.004716981
32,NV,sexassault,1,0.53496504,0.14627039,0.27797204,0.013403263,0.027389277,0,0
32,NV,robbery,1,0.26739928,0.48229548,0.20512821,0.015873017,0.028083028,0,0.001221001
32,NV,assault,1,0.35152838,0.36135373,0.23034935,0.029475983,0.02510917,0,0.002183406
32,NV,otherviol,1,0.34053737,0.38317758,0.22605141,0.019275701,0.029205607,0,0.001752336
32,NV,burglary,1,0.50330579,0.30826446,0.14049587,0.017355371,0.027272727,0,0.003305785
32,NV,arson,1,0.51612902,0.3548387,0.096774191,0,0.032258064,0,0
32,NV,mvtheft,1,0.59268928,0.19321148,0.16710183,0.018276762,0.028720627,0,0
32,NV,fraud,1,0.62915599,0.23273657,0.089514069,0.002557545,0.046035804,0,0
32,NV,larceny,1,0.56049383,0.3037037,0.1037037,0.007407407,0.024691358,0,0
32,NV,otherprop,1,0.49863014,0.28493151,0.15890411,0.010958904,0.046575341,0,0
32,NV,drugtraff,1,0.344098,0.19821826,0.43095767,0.010022271,0.013363029,0,0.003340757
32,NV,drugposs,1,0.58237547,0.23754789,0.11111111,0.057471264,0.011494253,0,0
32,NV,otherdrug,1,0.44444445,0.33333334,0.11111111,0.11111111,0,0,0
32,NV,public_oth,1,0.49966952,0.3364177,0.1269002,0.011896893,0.021150034,0,0.003965631
32,NV,weapons,1,0.3630363,0.35973597,0.23762377,0.013201321,0.01980198,0,0.00660066
32,NV,dwi,1,0.62707841,0.095011875,0.19239905,0.066508316,0.019002376,0,0
32,NV,unknown,1,0.52272725,0.20454545,0.23863636,0.011363637,0.022727273,0,0
33,NH,homicide,1,0.89733839,0.041825093,0.05323194,0,0.007604563,0,0
33,NH,kidnapping,1,0.80952382,0.19047619,0,0,0,0,0
33,NH,sexassault,1,0.92483658,0.035947714,0.03267974,0.004901961,0.001633987,0,0
33,NH,robbery,1,0.78125,0.1375,0.068750001,0.00625,0.00625,0,0
33,NH,assault,1,0.80152673,0.11832061,0.072519086,0.003816794,0.003816794,0,0
33,NH,otherviol,1,0.79166669,0.14583333,0.0625,0,0,0,0
33,NH,burglary,1,0.92753625,0.028985508,0.043478262,0,0,0,0
33,NH,arson,1,0.92307693,0.07692308,0,0,0,0,0
33,NH,fraud,1,0.89583331,0.072916664,0.010416667,0.010416667,0.010416667,0,0
33,NH,larceny,1,0.94086021,0.016129032,0.03763441,0.005376344,0,0,0
33,NH,otherprop,1,0.88349515,0.058252428,0.058252428,0,0,0,0
33,NH,drugtraff,1,0.73228347,0.078740157,0.18110237,0.007874016,0,0,0
33,NH,drugposs,1,0.77717394,0.081521742,0.11956522,0.005434783,0.016304348,0,0
33,NH,otherdrug,1,0.84615386,0.11538462,0.03846154,0,0,0,0
33,NH,public_oth,1,0.90873015,0.035714287,0.055555556,0,0,0,0
33,NH,weapons,1,0.80000001,0.12,0.079999998,0,0,0,0
33,NH,dwi,1,0.875,0.0625,0.0625,0,0,0,0
33,NH,unknown,1,0.6813187,0.14285715,0.15384616,0.021978023,0,0,0
34,NJ,homicide,1,0.2072697,0.60627079,0.17480578,0.001942286,0.009711431,0,0
34,NJ,kidnapping,1,0.25,0.52049178,0.21721311,0,0.012295082,0,0
34,NJ,sexassault,1,0.37783539,0.34348673,0.25664291,0.003240441,0.018794555,0,0
34,NJ,robbery,1,0.20760511,0.65281057,0.13675012,0.000472367,0.002361833,0,0
34,NJ,assault,1,0.22012578,0.62149799,0.14751287,0.001143511,0.00971984,0,0
34,NJ,otherviol,1,0.36488551,0.45343512,0.1740458,0.003053435,0.004580153,0,0
34,NJ,burglary,1,0.38166666,0.44166666,0.1725,0.000833333,0.003333333,0,0
34,NJ,arson,1,0.47692308,0.38461539,0.092307694,0.015384615,0.030769231,0,0
34,NJ,mvtheft,1,0.33333334,0.40000001,0.26666668,0,0,0,0
34,NJ,fraud,1,0.41176471,0.47276688,0.10675381,0.002178649,0.006535948,0,0
34,NJ,larceny,1,0.37383178,0.51401871,0.10046729,0,0.011682243,0,0
34,NJ,otherprop,1,0.31889763,0.55511808,0.11811024,0.003937008,0.003937008,0,0
34,NJ,drugtraff,1,0.10681217,0.7387566,0.15013227,0.000661376,0.003637566,0,0
34,NJ,drugposs,1,0.24047619,0.61349207,0.13968255,0.000793651,0.005555556,0,0
34,NJ,otherdrug,1,0.54545456,0.45454547,0,0,0,0,0
34,NJ,public_oth,1,0.28665933,0.59536934,0.11135612,0,0.006615215,0,0
34,NJ,weapons,1,0.15066667,0.73911113,0.10711111,0,0.003111111,0,0
34,NJ,unknown,1,0.32978722,0.5,0.15957446,0,0.010638298,0,0
35,NM,homicide,1,0.62511986,0.095877275,0.18216683,0.089165866,0.001917546,0.005752637,0
35,NM,kidnapping,1,0.65490198,0.10588235,0.18039216,0.050980393,0.003921569,0.003921569,0
35,NM,sexassault,1,0.61264181,0.038897894,0.24959481,0.095623985,0.001620746,0.001620746,0
35,NM,robbery,1,0.25542572,0.11853088,0.56260437,0.060100168,0.001669449,0.001669449,0
35,NM,assault,1,0.23471074,0.074380167,0.54049587,0.14545454,0.001652893,0.003305785,0
35,NM,otherviol,1,0.44886363,0.022727273,0.35795453,0.16477273,0,0.005681818,0
35,NM,burglary,1,0.26519337,0.058011051,0.61878455,0.055248618,0.002762431,0,0
35,NM,arson,1,0.30769232,0,0.69230771,0,0,0,0
35,NM,mvtheft,1,0.20408164,0.020408163,0.71428573,0.06122449,0,0,0
35,NM,fraud,1,0.35924369,0.050420169,0.55042017,0.035714287,0.00210084,0.00210084,0
35,NM,larceny,1,0.1981132,0.054245282,0.7264151,0.021226415,0,0,0
35,NM,otherprop,1,0.28918323,0.04415011,0.62030905,0.046357617,0,0,0
35,NM,drugtraff,1,0.22727273,0.13203463,0.61904764,0.017316017,0.002164502,0.002164502,0
35,NM,drugposs,1,0.23664123,0.045801528,0.68702292,0.030534351,0,0,0
35,NM,otherdrug,1,0.6111111,0.2361111,0.11111111,0.027777778,0.013888889,0,0
35,NM,public_oth,1,0.2296719,0.06990014,0.59343797,0.10556348,0.001426534,0,0
35,NM,weapons,1,0.26086956,0.15217391,0.54347825,0.043478262,0,0,0
35,NM,dwi,1,0.27777779,0,0.44444445,0.27777779,0,0,0
35,NM,unknown,1,0.8888889,0.015873017,0.015873017,0.079365082,0,0,0
36,NY,homicide,1,0.18323399,0.54268408,0.25273985,0.004422227,0.00663334,0,0.010286483
36,NY,kidnapping,1,0.26376811,0.45507246,0.17391305,0.002898551,0.075362317,0,0.028985508
36,NY,sexassault,1,0.42518881,0.32925087,0.22045316,0.008164932,0.004694836,0,0.012247398
36,NY,robbery,1,0.14099702,0.61532736,0.22371031,0.005332341,0.002480159,0,0.012152778
36,NY,assault,1,0.19873096,0.52131981,0.24517767,0.010406092,0.006091371,0,0.018274112
36,NY,otherviol,1,0.34400001,0.384,0.19599999,0.016000001,0.024,0,0.035999998
36,NY,burglary,1,0.35850096,0.39955911,0.212593,0.010471204,0.003306696,0,0.015569028
36,NY,arson,1,0.47605634,0.33521128,0.14647888,0.008450705,0.005633803,0,0.028169014
36,NY,mvtheft,1,0.49350649,0.26623377,0.19480519,0.012987013,0.006493507,0,0.025974026
36,NY,fraud,1,0.4250364,0.43522561,0.10334789,0.013100437,0.002911208,0,0.020378457
36,NY,larceny,1,0.48381877,0.35275081,0.13915858,0.006472492,0.004854369,0,0.012944984
36,NY,otherprop,1,0.46928328,0.36006826,0.13822526,0.015358361,0,0,0.017064847
36,NY,drugtraff,1,0.18402283,0.52182597,0.26961485,0.007417975,0.00171184,0,0.015406562
36,NY,drugposs,1,0.17034806,0.53279787,0.27376172,0.008032128,0.001338688,0,0.013721553
36,NY,otherdrug,1,0,0.5714286,0.2857143,0,0.14285715,0,0
36,NY,public_oth,1,0.3988764,0.386392,0.1835206,0.009987515,0.004993758,0,0.016229713
36,NY,weapons,1,0.086266391,0.69818264,0.19162641,0.006441224,0.001610306,0,0.015873017
36,NY,dwi,1,0.72286081,0.13920817,0.095785439,0.028097063,0.001277139,0,0.012771392
36,NY,unknown,1,0.30434781,0.49275362,0.17391305,0.014492754,0,0,0.014492754
37,NC,homicide,1,0.30280539,0.61407155,0.044084903,0.027757162,0.005195191,0.00074217,0.005343625
37,NC,kidnapping,1,0.32185429,0.57748342,0.062251657,0.025165563,0.009271523,0,0.00397351
37,NC,sexassault,1,0.49958369,0.38155705,0.090549543,0.016444629,0.004163197,0.001040799,0.006661116
37,NC,robbery,1,0.19778138,0.75189394,0.022727273,0.019480519,0.00189394,0.001082251,0.005140693
37,NC,assault,1,0.35127738,0.60310221,0.019160584,0.018248174,0.003649635,0.002737226,0.001824818
37,NC,otherviol,1,0.45744681,0.44680852,0.056737587,0.028368793,0.003546099,0,0.007092198
37,NC,burglary,1,0.46475109,0.47711328,0.019712662,0.034079518,0.001002339,0.002004678,0.001336452
37,NC,arson,1,0.62393165,0.34188035,0,0.025641026,0.008547009,0,0
37,NC,mvtheft,1,0.40816328,0.54081631,0.030612245,0.020408163,0,0,0
37,NC,fraud,1,0.59060955,0.38385502,0.011532125,0.009884679,0.00247117,0.000823723,0.000823723
37,NC,larceny,1,0.53475511,0.42338073,0.008688783,0.030015798,0.000789889,0.001579779,0.000789889
37,NC,otherprop,1,0.48160535,0.44816053,0.010033445,0.046822742,0,0.006688963,0.006688963
37,NC,drugtraff,1,0.37731734,0.42857143,0.17077427,0.010032715,0.002181025,0.003925845,0.007197383
37,NC,drugposs,1,0.46896553,0.49425286,0.020689655,0.006896552,0.004597701,0.002298851,0.002298851
37,NC,otherdrug,1,0.36363637,0.56818181,0,0.022727273,0.022727273,0.022727273,0
37,NC,public_oth,1,0.3222653,0.65514916,0.00556211,0.01533794,0.000674195,0,0.001011293
37,NC,weapons,1,0.3180593,0.61545372,0.027852651,0.029649595,0.005390836,0.000898473,0.002695418
37,NC,dwi,1,0.59306258,0.31387478,0.062605754,0.021150593,0.004230118,0.003384095,0.001692047
37,NC,unknown,1,0.42857143,0.39285713,0.071428575,0.071428575,0.035714287,0,0
38,ND,homicide,1,0.75862068,0.062068965,0.04137931,0.13793103,0,0,0
38,ND,kidnapping,1,0.75,0.125,0,0.125,0,0,0
38,ND,sexassault,1,0.74339622,0.049056605,0.075471699,0.12075472,0.00754717,0,0.003773585
38,ND,robbery,1,0.36206895,0.20689656,0.1724138,0.25862068,0,0,0
38,ND,assault,1,0.48850575,0.080459774,0.05172414,0.37356323,0.005747126,0,0
38,ND,otherviol,1,0.57894737,0.10526316,0.045112781,0.2706767,0,0,0
38,ND,burglary,1,0.69230771,0.064102568,0.012820513,0.21794872,0,0,0.012820513
38,ND,arson,1,0.71428573,0.071428575,0,0.14285715,0.071428575,0,0
38,ND,mvtheft,1,0.33333334,0,0,0.66666669,0,0,0
38,ND,fraud,1,0.71428573,0.023809524,0.047619049,0.19047619,0.023809524,0,0
38,ND,larceny,1,0.6695652,0.026086956,0.017391304,0.26956522,0.008695652,0,0.008695652
38,ND,otherprop,1,0.64999998,0.050000001,0.075000003,0.22499999,0,0,0
38,ND,drugtraff,1,0.70464134,0.084388189,0.050632913,0.15189873,0,0,0.008438818
38,ND,drugposs,1,0.76296294,0.06666667,0.022222223,0.13333334,0,0,0.014814815
38,ND,otherdrug,1,0.68965518,0.05172414,0,0.25862068,0,0,0
38,ND,public_oth,1,0.64516127,0.040322579,0.072580643,0.23387097,0,0,0.008064516
38,ND,weapons,1,0.75,0.25,0,0,0,0,0
38,ND,dwi,1,0.70129871,0.038961038,0.038961038,0.22077923,0,0,0
39,OH,homicide,1,0.38591984,0.58273381,0.023124358,0.001413155,0.001413155,0,0.005395684
39,OH,kidnapping,1,0.42884991,0.54385966,0.023391813,0.001949318,0.000974659,0,0.000974659
39,OH,sexassault,1,0.6785121,0.27980736,0.033377614,0.003155098,0.001660578,0,0.003487214
39,OH,robbery,1,0.34632093,0.63236493,0.017512897,0.001086071,0.001086071,0,0.001629107
39,OH,assault,1,0.43399832,0.5354414,0.026103565,0.000636672,0.001061121,0,0.002758913
39,OH,otherviol,1,0.66531438,0.31237322,0.022312373,0,0,0,0
39,OH,burglary,1,0.6112588,0.36544174,0.017670054,0.001563722,0.001094605,0,0.002971071
39,OH,arson,1,0.71153843,0.26923078,0.016025642,0,0,0,0.003205128
39,OH,fraud,1,0.69275928,0.29549903,0.007827789,0,0,0,0.003913894
39,OH,larceny,1,0.8291949,0.16328067,0.006772009,0,0.000752445,0,0
39,OH,otherprop,1,0.76304889,0.21955261,0.010770505,0.001657001,0.0008285,0,0.004142502
39,OH,drugtraff,1,0.53181916,0.41739875,0.044353973,0.00021427,0.002571245,0,0.003642597
39,OH,drugposs,1,0.46474877,0.49716368,0.033225283,0.001215559,0.002025932,0,0.001620746
39,OH,otherdrug,1,0.88297874,0.10638298,0.005319149,0.005319149,0,0,0
39,OH,public_oth,1,0.64788395,0.32239658,0.022349026,0.001426534,0.0021398,0,0.00380409
39,OH,weapons,1,0.22429262,0.75569355,0.017943408,0.001380262,0,0,0.000690131
39,OH,dwi,1,0.88512242,0.092278719,0.018832391,0,0,0,0.003766478
39,OH,unknown,1,1,0,0,0,0,0,0
40,OK,homicide,1,0.49047172,0.32771009,0.064354889,0.10746641,0.002186817,0.000937207,0.006872852
40,OK,kidnapping,1,0.52941179,0.26960784,0.073529415,0.12254902,0,0,0.004901961
40,OK,sexassault,1,0.6559633,0.16972478,0.062079512,0.10183486,0.002446483,0.00030581,0.00764526
40,OK,robbery,1,0.34299955,0.50430447,0.068418667,0.068418667,0.004984141,0.000453104,0.010421387
40,OK,assault,1,0.4994064,0.26830232,0.058171745,0.16462208,0.003561535,0.001582905,0.004352988
40,OK,otherviol,1,0.63756615,0.15079366,0.066137567,0.1388889,0.003968254,0,0.002645503
40,OK,burglary,1,0.57794678,0.26140684,0.043726236,0.11121673,0.000475285,0.001901141,0.003326996
40,OK,arson,1,0.6961326,0.1436464,0.049723756,0.099447511,0,0.005524862,0.005524862
40,OK,mvtheft,1,0.67375886,0.14539006,0.04964539,0.12411348,0,0,0.007092198
40,OK,fraud,1,0.63621533,0.20636216,0.046492659,0.10522023,0.003262643,0,0.002446982
40,OK,larceny,1,0.60073262,0.21855922,0.04884005,0.12698413,0.001221001,0,0.003663004
40,OK,otherprop,1,0.65967017,0.17166416,0.054722637,0.10644678,0.002998501,0.002248876,0.002248876
40,OK,drugtraff,1,0.4672229,0.30059594,0.14517282,0.070321813,0.003575685,0.000238379,0.012872467
40,OK,drugposs,1,0.60486519,0.22255096,0.052268244,0.11538462,0.00295858,0,0.001972387
40,OK,otherdrug,1,0.75373137,0.097014926,0.044776119,0.10447761,0,0,0
40,OK,public_oth,1,0.65247524,0.18514852,0.042574257,0.11287129,0.002970297,0,0.003960396
40,OK,weapons,1,0.39658847,0.39232409,0.10874201,0.089552239,0.006396588,0,0.006396588
40,OK,dwi,1,0.59317583,0.12467191,0.057742782,0.2152231,0.002624672,0.001312336,0.005249344
40,OK,unknown,1,0.52592593,0.26666668,0.088888891,0.1037037,0,0.007407407,0.007407407
41,OR,homicide,1,0.69946092,0.12668464,0.12668464,0.029649595,0.017520215,0,0
41,OR,kidnapping,1,0.68895346,0.098837212,0.1627907,0.034883723,0.014534884,0,0
41,OR,sexassault,1,0.7754181,0.051234405,0.1515795,0.010883993,0.010883993,0,0
41,OR,robbery,1,0.68822294,0.17034701,0.098317564,0.02471083,0.018401682,0,0
41,OR,assault,1,0.72705746,0.098875076,0.13143872,0.033155713,0.009473061,0,0
41,OR,otherviol,1,0.68070173,0.087719299,0.20701754,0.01754386,0.007017544,0,0
41,OR,burglary,1,0.83088237,0.080147058,0.058088236,0.018382354,0.0125,0,0
41,OR,arson,1,0.78409094,0.125,0.022727273,0,0.06818182,0,0
41,OR,mvtheft,1,0.875,0,0.041666668,0.083333336,0,0,0
41,OR,fraud,1,0.85051548,0.097938143,0.027491409,0.012027492,0.012027492,0,0
41,OR,larceny,1,0.84368736,0.088176355,0.034068137,0.012024048,0.022044089,0,0
41,OR,otherprop,1,0.88056678,0.036437247,0.046558704,0.024291499,0.012145749,0,0
41,OR,drugtraff,1,0.68133658,0.073349632,0.21760391,0.010594947,0.017114915,0,0
41,OR,drugposs,1,0.82954544,0.079545453,0.06818182,0.011363637,0.011363637,0,0
41,OR,otherdrug,1,1,0,0,0,0,0,0
41,OR,public_oth,1,0.70927835,0.15257733,0.10927835,0.02886598,0,0,0
41,OR,weapons,1,0.71212119,0.14502165,0.088744588,0.047619049,0.006493507,0,0
41,OR,dwi,1,0.73743016,0.072625697,0.1396648,0.033519555,0.016759777,0,0
41,OR,unknown,1,0.78260869,0.2173913,0,0,0,0,0
42,PA,homicide,1,0.2697944,0.62119138,0.098682128,0.000948867,0.00558777,0,0.003795467
42,PA,kidnapping,1,0.36744186,0.55348837,0.079069771,0,0,0,0
42,PA,sexassault,1,0.59674537,0.30758226,0.08923462,0.001072961,0.001967096,0,0.003397711
42,PA,robbery,1,0.292153,0.61519122,0.084934458,0.000538696,0.00395044,0,0.003232178
42,PA,assault,1,0.36783242,0.51677614,0.10687023,0.001242677,0.00301793,0,0.004260607
42,PA,otherviol,1,0.55936074,0.33561644,0.098173514,0.002283105,0.002283105,0,0.002283105
42,PA,burglary,1,0.56341088,0.34449613,0.085581392,0.001550388,0.002170543,0,0.002790698
42,PA,arson,1,0.69721115,0.2310757,0.063745022,0.007968128,0,0,0
42,PA,mvtheft,1,0.3888889,0.45833334,0.15277778,0,0,0,0
42,PA,fraud,1,0.74008811,0.20264317,0.050975457,0.001258653,0.003146633,0,0.00188798
42,PA,larceny,1,0.57652831,0.33244088,0.087460957,0.000446229,0.000892459,0,0.002231147
42,PA,otherprop,1,0.63583815,0.28757226,0.06936416,0,0.00433526,0,0.002890173
42,PA,drugtraff,1,0.77551019,0.1632653,0.06122449,0,0,0,0
42,PA,drugposs,1,0.62337661,0.33766234,0.038961038,0,0,0,0
42,PA,otherdrug,1,0.28055647,0.54123884,0.1735674,0.000552059,0.001324942,0,0.002760296
42,PA,public_oth,1,0.54953563,0.35178018,0.093266256,0.000386997,0.000773994,0,0.004256966
42,PA,weapons,1,0.20344219,0.69329214,0.09929391,0,0,0,0.003971756
42,PA,dwi,1,0.6981132,0.2264151,0.069729283,0.001640689,0.000820345,0,0.003281378
42,PA,unknown,1,0.50273222,0.37978142,0.10928962,0.00273224,0.005464481,0,0
44,RI,homicide,1,0.43732589,0.28133705,0.25069639,0.005571031,0.019498607,0,0.005571031
44,RI,kidnapping,1,0.40000001,0.30000001,0.30000001,0,0,0,0
44,RI,sexassault,1,0.57097793,0.16719243,0.23028392,0,0.018927446,0,0.012618297
44,RI,robbery,1,0.35802469,0.38580248,0.23148148,0.00308642,0.015432099,0,0.00617284
44,RI,assault,1,0.40625,0.32670453,0.22727273,0.008522728,0.019886363,0,0.011363637
44,RI,otherviol,1,0.5,0.38461539,0.11538462,0,0,0,0
44,RI,burglary,1,0.54185021,0.29955947,0.12334802,0.017621145,0.004405286,0,0.013215859
44,RI,arson,1,0.68421054,0.15789473,0.15789473,0,0,0,0
44,RI,mvtheft,1,0.31578946,0.21052632,0.42105263,0.052631579,0,0,0
44,RI,fraud,1,0.7647059,0.17647059,0.039215688,0,0.019607844,0,0
44,RI,larceny,1,0.68354428,0.16455697,0.1329114,0.012658228,0.006329114,0,0
44,RI,otherprop,1,0.57894737,0.27631578,0.13157895,0,0.013157895,0,0
44,RI,drugtraff,1,0.21827412,0.35532996,0.41624364,0.005076142,0,0,0.005076142
44,RI,drugposs,1,0.36190477,0.32380953,0.27619049,0.00952381,0.01904762,0,0.00952381
44,RI,otherdrug,1,0.33333334,0.33333334,0.33333334,0,0,0,0
44,RI,public_oth,1,0.56270099,0.27009645,0.1414791,0.009646302,0.003215434,0,0.012861736
44,RI,weapons,1,0.074074075,0.61728394,0.2962963,0.012345679,0,0,0
44,RI,dwi,1,0.6964286,0.125,0.125,0.017857144,0.017857144,0,0.017857144
44,RI,unknown,1,0.5,0,0,0,0,0,0.5
45,SC,homicide,1,0.31142923,0.65829617,0.021121802,0.001173434,0.000938747,0,0.007040601
45,SC,kidnapping,1,0.30781499,0.67623603,0.007974481,0,0.004784689,0,0.003189793
45,SC,sexassault,1,0.53390878,0.41122073,0.039457459,0.001233046,0.000616523,0,0.013563502
45,SC,robbery,1,0.19102886,0.79015058,0.01097867,0.001882058,0.000941029,0,0.005018821
45,SC,assault,1,0.38319328,0.59243697,0.014285714,0.001680672,0.001680672,0,0.006722689
45,SC,otherviol,1,0.42567569,0.52027029,0.047297299,0,0,0,0.006756757
45,SC,burglary,1,0.38511711,0.59828049,0.008597688,0.00296472,0.000889416,0,0.004150608
45,SC,arson,1,0.55319148,0.40425533,0.021276595,0,0.010638298,0,0.010638298
45,SC,mvtheft,1,0.46190476,0.53333336,0.004761905,0,0,0,0
45,SC,fraud,1,0.5518868,0.44103774,0.004716981,0,0,0,0.002358491
45,SC,larceny,1,0.49107143,0.5,0.001984127,0.002976191,0.000992064,0,0.002976191
45,SC,otherprop,1,0.50241548,0.4589372,0.028985508,0.009661836,0,0,0
45,SC,drugtraff,1,0.26265147,0.66215253,0.055238776,0.001781896,0.000712758,0,0.01746258
45,SC,drugposs,1,0.21645997,0.77903044,0.002254791,0.001127396,0,0,0.001127396
45,SC,otherdrug,1,0.2027027,0.78378379,0.006756757,0.006756757,0,0,0
45,SC,public_oth,1,0.42727274,0.55454546,0.01038961,0.001298701,0.001298701,0,0.005194805
45,SC,weapons,1,0.17511521,0.81566823,0.004608295,0,0,0,0.004608295
45,SC,dwi,1,0.6769231,0.23076923,0.069230773,0,0,0,0.023076924
45,SC,unknown,1,0.25,0.75,0,0,0,0,0
46,SD,homicide,1,0.5804196,0.062937066,0.062937066,0.2937063,0,0,0
46,SD,kidnapping,1,0.78787881,0.060606062,0.030303031,0.12121212,0,0,0
46,SD,sexassault,1,0.71809524,0.055238094,0.045714285,0.18095239,0,0,0
46,SD,robbery,1,0.52941179,0.12418301,0.013071896,0.33333334,0,0,0
46,SD,assault,1,0.44954127,0.073394492,0.01529052,0.46177369,0,0,0
46,SD,otherviol,1,0.74358976,0.025641026,0.051282052,0.17948718,0,0,0
46,SD,burglary,1,0.56268221,0.069970846,0.029154519,0.33819243,0,0,0
46,SD,arson,1,0.78947371,0.052631579,0.052631579,0.10526316,0,0,0
46,SD,mvtheft,1,0.39130434,0.086956523,0.086956523,0.43478259,0,0,0
46,SD,fraud,1,0.72619045,0.023809524,0.023809524,0.22619048,0,0,0
46,SD,larceny,1,0.66158539,0.048780486,0.012195121,0.27743903,0,0,0
46,SD,otherprop,1,0.52173913,0,0,0.47826087,0,0,0
46,SD,drugtraff,1,0.60199004,0.12935324,0.069651738,0.19900498,0,0,0
46,SD,drugposs,1,0.65693432,0.060218979,0.027372263,0.25547445,0,0,0
46,SD,otherdrug,1,0.80000001,0.06666667,0.06666667,0.06666667,0,0,0
46,SD,public_oth,1,0.57291669,0.026041666,0.015625,0.38541666,0,0,0
46,SD,weapons,1,0.75,0.16666667,0,0.083333336,0,0,0
46,SD,dwi,1,0.59067357,0.056994818,0.041450776,0.31088084,0,0,0
46,SD,unknown,1,0.5,0.033333335,0.033333335,0.43333334,0,0,0
47,TN,homicide,1,0.43605149,0.53712445,0.025536481,0.001287554,0,0,0
47,TN,kidnapping,1,0.41638225,0.55802047,0.022184301,0.003412969,0,0,0
47,TN,sexassault,1,0.66959524,0.28835896,0.040790711,0.001255099,0,0,0
47,TN,robbery,1,0.33039406,0.65252137,0.016809039,0.000275558,0,0,0
47,TN,assault,1,0.52783966,0.45746103,0.011581291,0.00311804,0,0,0
47,TN,otherviol,1,0.64360589,0.3144654,0.039832287,0.002096436,0,0,0
47,TN,burglary,1,0.68043035,0.31084618,0.008432684,0.000290782,0,0,0
47,TN,arson,1,0.68840581,0.31159419,0,0,0,0,0
47,TN,mvtheft,1,0,1,0,0,0,0,0
47,TN,fraud,1,0.75754309,0.22737069,0.014008621,0.001077586,0,0,0
47,TN,larceny,1,0.74341577,0.25019953,0.006384677,0,0,0,0
47,TN,otherprop,1,0.66666669,0.33333334,0,0,0,0,0
47,TN,drugtraff,1,0.53260446,0.44299102,0.023818821,0.000585709,0,0,0
47,TN,drugposs,1,0.18890075,0.79509073,0.016008537,0,0,0,0
47,TN,otherdrug,1,0.42071196,0.54368931,0.035598706,0,0,0,0
47,TN,public_oth,1,0.79445148,0.19861287,0.005674653,0.001261034,0,0,0
47,TN,weapons,1,0.28095239,0.71904761,0,0,0,0,0
47,TN,dwi,1,0.90291262,0.058252428,0.038834952,0,0,0,0
47,TN,unknown,1,0.61099797,0.38798371,0.00101833,0,0,0,0
48,TX,homicide,1,0.27940449,0.36539412,0.34920928,0,0,0,0.005992093
48,TX,kidnapping,1,0.28284568,0.32931727,0.38496846,0,0,0,0.002868617
48,TX,sexassault,1,0.40155563,0.24371272,0.35286492,0,0,0,0.001866736
48,TX,robbery,1,0.17090893,0.52315784,0.30441761,0,0,0,0.001515624
48,TX,assault,1,0.30222413,0.32682544,0.37002075,0,0,0,0.0009297
48,TX,otherviol,1,0.3088685,0.29765546,0.39143732,0,0,0,0.002038736
48,TX,burglary,1,0.33396307,0.34082004,0.32423735,0,0,0,0.000979569
48,TX,arson,1,0.42415729,0.28511235,0.28932583,0,0,0,0.001404494
48,TX,mvtheft,1,0.38235295,0.41176471,0.20588236,0,0,0,0
48,TX,fraud,1,0.51926297,0.31055278,0.17018425,0,0,0,0
48,TX,larceny,1,0.40161604,0.3441568,0.25407752,0,0,0,0.000149633
48,TX,otherprop,1,0.44016507,0.28954607,0.26960111,0,0,0,0.000687758
48,TX,drugtraff,1,0.27575758,0.39885056,0.32507837,0,0,0,0.00031348
48,TX,drugposs,1,0.34233057,0.34312871,0.31396022,0,0,0,0.000580467
48,TX,otherdrug,1,0.51624548,0.32851985,0.15523465,0,0,0,0
48,TX,public_oth,1,0.41850433,0.23959732,0.34122723,0,0,0,0.000671141
48,TX,weapons,1,0.25853705,0.38176778,0.35870534,0,0,0,0.000989805
48,TX,dwi,1,0.46521363,0.09237875,0.44154158,0,0,0,0.000866051
48,TX,unknown,1,0,0.25,0.75,0,0,0,0
49,UT,homicide,1,0.5768463,0.091816366,0.26147705,0.011976048,0.057884231,0,0
49,UT,kidnapping,1,0.55333334,0.11333334,0.24666667,0.013333334,0.07333333,0,0
49,UT,sexassault,1,0.7460503,0.044470452,0.18139262,0.00702165,0.02106495,0,0
49,UT,robbery,1,0.53118712,0.098591551,0.27565393,0.016096579,0.078470826,0,0
49,UT,assault,1,0.48701298,0.071428575,0.37229437,0.019480519,0.04978355,0,0
49,UT,otherviol,1,0.76635516,0.018691588,0.17757009,0.009345794,0.028037382,0,0
49,UT,burglary,1,0.67484665,0.061349694,0.21676892,0.012269938,0.034764826,0,0
49,UT,arson,1,0.66666669,0.125,0.20833333,0,0,0,0
49,UT,mvtheft,1,0.73333335,0.088888891,0.11111111,0.022222223,0.044444446,0,0
49,UT,fraud,1,0.7764706,0.047058824,0.14117648,0.007843138,0.027450981,0,0
49,UT,larceny,1,0.73192769,0.057228915,0.18674698,0.009036144,0.015060241,0,0
49,UT,otherprop,1,0.78106511,0.01183432,0.17159763,0.01183432,0.023668639,0,0
49,UT,drugtraff,1,0.64682537,0.065476194,0.25396827,0.009920635,0.023809524,0,0
49,UT,drugposs,1,0.77162629,0.047289506,0.16147636,0.005767013,0.013840831,0,0
49,UT,otherdrug,1,0.86956519,0,0.13043478,0,0,0,0
49,UT,public_oth,1,0.7744807,0.032640949,0.17210683,0.008902078,0.011869436,0,0
49,UT,weapons,1,0.51136363,0.11363637,0.26136363,0.045454547,0.06818182,0,0
49,UT,dwi,1,0.72463769,0.038647342,0.22222222,0.004830918,0.009661836,0,0
49,UT,unknown,1,0,0,1,0,0,0,0
53,WA,homicide,1,0.54331338,0.22075848,0.1253493,0.047904193,0.039520957,0,0.023153692
53,WA,kidnapping,1,0.60818714,0.1871345,0.13450292,0.023391813,0.01754386,0,0.029239766
53,WA,sexassault,1,0.70307529,0.12513256,0.11983033,0.029338989,0.005655709,0,0.016967127
53,WA,robbery,1,0.51561415,0.2852186,0.10687023,0.043025676,0.013185288,0,0.036086053
53,WA,assault,1,0.52318776,0.24088249,0.15353444,0.040972535,0.012156686,0,0.029266097
53,WA,otherviol,1,0.57303369,0.18539326,0.17415731,0.033707865,0,0,0.033707865
53,WA,burglary,1,0.68708825,0.14097497,0.092885375,0.04808959,0.000658762,0,0.030303031
53,WA,arson,1,0.75555557,0.13333334,0.088888891,0,0,0,0.022222223
53,WA,mvtheft,1,0.75654453,0.077225134,0.082460731,0.045811519,0,0,0.037958115
53,WA,fraud,1,0.71804512,0.10150376,0.092105262,0.035714287,0,0,0.052631579
53,WA,larceny,1,0.6605081,0.18013857,0.078521937,0.048498847,0.002309469,0,0.030023094
53,WA,otherprop,1,0.7668919,0.10135135,0.054054055,0.064189188,0,0,0.013513514
53,WA,drugtraff,1,0.58715594,0.1559633,0.2003058,0.02675841,0.000764526,0,0.029051987
53,WA,drugposs,1,0.69898534,0.12175874,0.10259301,0.047350619,0,0,0.029312288
53,WA,otherdrug,1,0.67500001,0.175,0.15000001,0,0,0,0
53,WA,public_oth,1,0.59886652,0.21725442,0.10012595,0.054156173,0.005037783,0,0.024559194
53,WA,weapons,1,0.59013867,0.21725732,0.13559322,0.030816641,0.003081664,0,0.023112481
53,WA,dwi,1,0.59663868,0.050420169,0.16806723,0.14285715,0,0,0.042016808
53,WA,unknown,1,0.375,0,0.5,0.125,0,0,0
54,WV,homicide,1,0.80746794,0.17502917,0.004667445,0.001166861,0,0,0.011668611
54,WV,kidnapping,1,0.78481013,0.18987341,0.012658228,0.012658228,0,0,0
54,WV,sexassault,1,0.92945325,0.051146384,0.008818342,0.002645503,0,0,0.007936508
54,WV,robbery,1,0.7640264,0.20957096,0.011551155,0.00330033,0.001650165,0,0.00990099
54,WV,assault,1,0.76173288,0.2166065,0.010830325,0.003610108,0,0,0.007220217
54,WV,otherviol,1,0.92929292,0.05050505,0.01010101,0.01010101,0,0,0
54,WV,burglary,1,0.92648923,0.05323194,0.006337136,0,0.001267427,0.001267427,0.011406844
54,WV,arson,1,0.8125,0.16666667,0,0.020833334,0,0,0
54,WV,mvtheft,1,0.94117647,0,0,0,0,0,0.05882353
54,WV,fraud,1,0.94565219,0.039855074,0.007246377,0,0,0,0.007246377
54,WV,larceny,1,0.9336493,0.056872036,0,0,0,0,0.009478673
54,WV,otherprop,1,0.9710145,0.014492754,0,0,0,0.007246377,0.007246377
54,WV,drugtraff,1,0.78277636,0.20308483,0.002570694,0,0,0,0.011568123
54,WV,otherdrug,1,1,0,0,0,0,0,0
54,WV,public_oth,1,0.88640976,0.097363085,0.002028398,0.006085193,0,0.002028398,0.006085193
54,WV,weapons,1,0.64912283,0.3508772,0,0,0,0,0
54,WV,dwi,1,0.95238096,0.047619049,0,0,0,0,0
54,WV,unknown,1,1,0,0,0,0,0,0
55,WI,homicide,1,0.36629909,0.49483114,0.098897316,0.028256375,0.011716058,0,0
55,WI,kidnapping,1,0.4169884,0.43629342,0.096525095,0.034749035,0.015444015,0,0
55,WI,sexassault,1,0.59948814,0.25591812,0.10919172,0.027084665,0.008317338,0,0
55,WI,robbery,1,0.22301872,0.6730386,0.08482676,0.012743927,0.006371963,0,0
55,WI,assault,1,0.41666666,0.4375,0.086111113,0.050000001,0.009722223,0,0
55,WI,otherviol,1,0.35053003,0.47137809,0.12367491,0.034628976,0.019787986,0,0
55,WI,burglary,1,0.58409637,0.30939758,0.06457831,0.03325301,0.008674699,0,0
55,WI,arson,1,0.66197181,0.23943663,0.056338027,0.035211269,0.007042253,0,0
55,WI,mvtheft,1,0.5106383,0.36879432,0.070921987,0.04255319,0.007092198,0,0
55,WI,fraud,1,0.63166952,0.29948366,0.029259896,0.030981068,0.008605852,0,0
55,WI,larceny,1,0.55202824,0.3633157,0.056437388,0.021164021,0.007054674,0,0
55,WI,otherprop,1,0.5043478,0.38260868,0.052173913,0.052173913,0.008695652,0,0
55,WI,drugtraff,1,0.42281878,0.43288592,0.12080537,0.013422819,0.010067114,0,0
55,WI,drugposs,1,0.21052632,0.63157892,0.10526316,0,0.052631579,0,0
55,WI,otherdrug,1,0.36997539,0.48769483,0.10459393,0.01804758,0.019688269,0,0
55,WI,public_oth,1,0.52747256,0.34929356,0.06436421,0.054160126,0.004709576,0,0
55,WI,weapons,1,0.16251831,0.72181553,0.093704246,0.014641289,0.007320644,0,0
55,WI,dwi,1,0.75033468,0.10040161,0.062918343,0.079651944,0.006693441,0,0
55,WI,unknown,1,0.5714286,0.17142858,0.14285715,0.085714288,0.028571429,0,0
56,WY,homicide,1,0.73378837,0.044368602,0.11945392,0.10238907,0,0,0
56,WY,kidnapping,1,0.81818181,0.030303031,0.060606062,0.090909094,0,0,0
56,WY,sexassault,1,0.79545456,0.03305785,0.13842975,0.030991735,0.002066116,0,0
56,WY,robbery,1,0.625,0.17045455,0.11363637,0.06818182,0.011363637,0.011363637,0
56,WY,assault,1,0.60227275,0.090909094,0.18181819,0.11931818,0.005681818,0,0
56,WY,otherviol,1,0.8108108,0.027027028,0.054054055,0.081081077,0,0.027027028,0
56,WY,burglary,1,0.78515625,0.0390625,0.09765625,0.0625,0.00390625,0.0078125,0.00390625
56,WY,arson,1,0.84615386,0,0.07692308,0.07692308,0,0,0
56,WY,fraud,1,0.86868685,0.05050505,0.060606062,0.02020202,0,0,0
56,WY,larceny,1,0.88073397,0.009174312,0.073394492,0.036697246,0,0,0
56,WY,otherprop,1,0.89705884,0.014705882,0.073529415,0.014705882,0,0,0
56,WY,drugtraff,1,0.76190478,0.061904762,0.13333334,0.033333335,0.00952381,0,0
56,WY,drugposs,1,0.76800001,0.096000001,0.079999998,0.048,0.008,0,0
56,WY,otherdrug,1,0.78358209,0.044776119,0.14925373,0.014925373,0.007462686,0,0
56,WY,public_oth,1,0.83846152,0.053846154,0.053846154,0.053846154,0,0,0
56,WY,weapons,1,0.71428573,0,0.21428572,0,0,0,0.071428575
56,WY,dwi,1,0.7977528,0.02247191,0.12359551,0.056179777,0,0,0
56,WY,unknown,1,0.70588237,0.11764706,0.17647059,0,0,0,0